abah,Baku
abdul,Baku
abu,Baku
acara,Baku
ada,Baku
adalah,Baku
adanya,Baku
adapun,Baku
adi,Baku
adik,Baku
adiknya,Baku
adil,Baku
administrasi,Baku
agak,Baku
agama,Baku
agar,Baku
agenda,Baku
agung,Baku
ahli,Baku
ahok,Baku
air,Baku
ajang,Baku
ajudan,Baku
akan,Baku
akbar,Baku
akhir,Baku
akhirnya,Baku
akibat,Baku
akibatnya,Baku
akses,Baku
aksi,Baku
aktif,Baku
aktivis,Baku
aktivitas,Baku
akun,Baku
alam,Baku
alamat,Baku
alasan,Baku
alasannya,Baku
alat,Baku
alat-alat,Baku
alhamdulillah,Baku
alias,Baku
aliran,Baku
allah,Baku
alokasi,Baku
aman,Baku
amanat,Baku
ambil,Baku
amin,Baku
amnesty,Baku
anak,Baku
anak-anak,Baku
anaknya,Baku
ancaman,Baku
anda,Baku
anggap,Baku
anggaran,Baku
anggota,Baku
angin,Baku
angka,Baku
angkatan,Baku
anjing,Baku
antar,Baku
antara,Baku
antaranya,Baku
antimafia,Baku
apa,Baku
apabila,Baku
apakah,Baku
apalagi,Baku
apapun,Baku
aparat,Baku
aparatur,Baku
api,Baku
aplikasi,Baku
april,Baku
arab,Baku
arah,Baku
area,Baku
argo,Baku
arief,Baku
artinya,Baku
arus,Baku
asal,Baku
asap,Baku
asasi,Baku
aset,Baku
asia,Baku
asian,Baku
asing,Baku
asli,Baku
aspek,Baku
aspirasi,Baku
atap,Baku
atas,Baku
atau,Baku
ataupun,Baku
aturan,Baku
awak,Baku
awal,Baku
awalnya,Baku
awan,Baku
ayah,Baku
ayahnya,Baku
ayam,Baku
ayat,Baku
azan,Baku
baca,Baku
badan,Baku
bagaimana,Baku
bagi,Baku
bagian,Baku
bagus,Baku
bahan,Baku
bahasa,Baku
bahkan,Baku
bahwa,Baku
baik,Baku
baju,Baku
bakal,Baku
bakamla,Baku
bakar,Baku
balai,Baku
baliho,Baku
balik,Baku
bandang,Baku
bandara,Baku
banding,Baku
bandung,Baku
bangga,Baku
bangsa,Baku
bangun,Baku
bangunan,Baku
banjir,Baku
bank,Baku
bantuan,Baku
banyak,Baku
banyaknya,Baku
bapak,Baku
bara,Baku
barang,Baku
barat,Baku
bareskrim,Baku
baru,Baku
batang,Baku
batas,Baku
batu,Baku
bawa,Baku
bawah,Baku
bawang,Baku
bayar,Baku
bayi,Baku
bbm,Baku
beasiswa,Baku
bebas,Baku
beberapa,Baku
becak,Baku
becaknya,Baku
begal,Baku
begini,Baku
begitu,Baku
bekas,Baku
bekasi,Baku
bekerja,Baku
belajar,Baku
belakang,Baku
belakangan,Baku
belanda,Baku
belanja,Baku
beli,Baku
beliau,Baku
beliung,Baku
belum,Baku
benar,Baku
benar-benar,Baku
bencana,Baku
benda,Baku
bentuk,Baku
berada,Baku
berakhir,Baku
beraktivitas,Baku
berangkat,Baku
berani,Baku
berapa,Baku
berarti,Baku
berasal,Baku
berat,Baku
berawal,Baku
berawan,Baku
berbagai,Baku
berbahaya,Baku
berbasis,Baku
berbayar,Baku
berbeda,Baku
berbicara,Baku
berdampak,Baku
berdasar,Baku
berdasarkan,Baku
berdiri,Baku
beredar,Baku
berencana,Baku
bergabung,Baku
bergerak,Baku
berharap,Baku
berhasil,Baku
berhati-hati,Baku
berhenti,Baku
berhubungan,Baku
berikan,Baku
berikut,Baku
berikutnya,Baku
berinisial,Baku
berisi,Baku
berita,Baku
berjalan,Baku
berjanji,Baku
berjualan,Baku
berkaitan,Baku
berkampanye,Baku
berkas,Baku
berkata,Baku
berkembang,Baku
berkoordinasi,Baku
berkumpul,Baku
berkunjung,Baku
berlaku,Baku
berlangsung,Baku
bermain,Baku
bernama,Baku
berniat,Baku
beroperasi,Baku
berperan,Baku
berpikir,Baku
berpotensi,Baku
bersalah,Baku
bersama,Baku
bersamaan,Baku
bersama-sama,Baku
bersangkutan,Baku
bersedia,Baku
bersenjata,Baku
bersifat,Baku
bersih,Baku
berstatus,Baku
bertahan,Baku
bertajuk,Baku
bertambah,Baku
bertanggung,Baku
bertemu,Baku
bertentangan,Baku
berteriak,Baku
bertugas,Baku
bertujuan,Baku
berubah,Baku
berumur,Baku
berupa,Baku
berupaya,Baku
berusaha,Baku
berusia,Baku
berwarna,Baku
berwenang,Baku
besar,Baku
beserta,Baku
besi,Baku
besok,Baku
betul,Baku
biasa,Baku
biasanya,Baku
biaya,Baku
bicara,Baku
bidan,Baku
bidang,Baku
bikin,Baku
bila,Baku
bilang,Baku
bin,Baku
bina,Baku
bir,Baku
biro,Baku
bisa,Baku
bisnis,Baku
blok,Baku
bocah,Baku
bohong,Baku
bola,Baku
boleh,Baku
bom,Baku
botol,Baku
bpn,Baku
buah,Baku
buang,Baku
buat,Baku
buaya,Baku
budaya,Baku
buka,Baku
bukan,Baku
bukanlah,Baku
bukti,Baku
buku,Baku
bulan,Baku
bumi,Baku
bunuh,Baku
bunyi,Baku
bupati,Baku
burangkeng,Baku
buruk,Baku
bus,Baku
butir,Baku
butuh,Baku
cakwe,Baku
caleg,Baku
calon,Baku
camat,Baku
cara,Baku
cari,Baku
catatan,Baku
cek,Baku
celurit,Baku
cenderung,Baku
cepat,Baku
cerita,Baku
cinta,Baku
coba,Baku
cuaca,Baku
cukup,Baku
cuma,Baku
curang,Baku
cuti,Baku
daerah,Baku
daftar,Baku
dahulu,Baku
dakwaan,Baku
dalam,Baku
damai,Baku
dampak,Baku
dan,Baku
dana,Baku
dapat,Baku
darah,Baku
darat,Baku
dari,Baku
daripada,Baku
darurat,Baku
dasar,Baku
data,Baku
datang,Baku
daya,Baku
debat,Baku
dekat,Baku
deklarasi,Baku
delapan,Baku
delta,Baku
demak,Baku
demi,Baku
demikian,Baku
demokrasi,Baku
demokrat,Baku
denda,Baku
dengan,Baku
depan,Baku
depok,Baku
deras,Baku
desa,Baku
desember,Baku
destinasi,Baku
detail,Baku
detik,Baku
dewan,Baku
di,Baku
dia,Baku
diajak,Baku
diajukan,Baku
diamankan,Baku
diambil,Baku
dianggap,Baku
diangkat,Baku
diatur,Baku
dibahas,Baku
dibandingkan,Baku
dibangun,Baku
dibantu,Baku
dibawa,Baku
dibebaskan,Baku
diberi,Baku
diberikan,Baku
diberitakan,Baku
dibuang,Baku
dibuat,Baku
dibuka,Baku
dibutuhkan,Baku
dicoret,Baku
didakwa,Baku
didampingi,Baku
didapat,Baku
diduga,Baku
didukung,Baku
dievakuasi,Baku
digelar,Baku
digital,Baku
digunakan,Baku
dihadiri,Baku
dihapus,Baku
dihapuskan,Baku
diharapkan,Baku
dihentikan,Baku
dihubungi,Baku
dihukum,Baku
diikuti,Baku
dijadikan,Baku
dijerat,Baku
dijual,Baku
dikabarkan,Baku
dikatakan,Baku
dikeluarkan,Baku
dikenakan,Baku
dikenal,Baku
diketahui,Baku
dikirim,Baku
dikonfirmasi,Baku
dikonsumsi,Baku
dikutip,Baku
dilaksanakan,Baku
dilakukan,Baku
dilanjutkan,Baku
dilansir,Baku
dilantik,Baku
dilaporkan,Baku
dilarang,Baku
dilihat,Baku
dimaksud,Baku
dimaksudkan,Baku
dimiliki,Baku
diminta,Baku
dimulai,Baku
dinas,Baku
dini,Baku
dinilai,Baku
dinyanyikan,Baku
dinyatakan,Baku
dipanggil,Baku
dipasang,Baku
dipastikan,Baku
diperbolehkan,Baku
diperiksa,Baku
diperkirakan,Baku
diperoleh,Baku
dipilih,Baku
diprediksi,Baku
dirawat,Baku
direhabilitasi,Baku
direktorat,Baku
direktur,Baku
diri,Baku
dirinya,Baku
disambut,Baku
disampaikan,Baku
disebabkan,Baku
disebut,Baku
disebutkan,Baku
diselesaikan,Baku
diserahkan,Baku
disertai,Baku
disimpan,Baku
diskusi,Baku
ditahan,Baku
ditambah,Baku
ditandu,Baku
ditangani,Baku
ditangkap,Baku
ditanya,Baku
ditargetkan,Baku
ditembak,Baku
ditemui,Baku
ditemukan,Baku
ditentukan,Baku
diterapkan,Baku
diterima,Baku
diterjang,Baku
diterkam,Baku
ditetapkan,Baku
ditolak,Baku
ditujukan,Baku
ditunda,Baku
dituntut,Baku
ditutup,Baku
diunggah,Baku
diungkapkan,Baku
divisi,Baku
divonis,Baku
diwartakan,Baku
diyakini,Baku
djakarta,Baku
dki,Baku
dokter,Baku
dokumen,Baku
dosen,Baku
dua,Baku
duduk,Baku
dugaan,Baku
dukung,Baku
dukungan,Baku
dulu,Baku
dunia,Baku
durian,Baku
dusun,Baku
dwifungsi,Baku
efektif,Baku
ekonomi,Baku
eksekusi,Baku
eksekutif,Baku
eksepsi,Baku
ekspor,Baku
ekstasi,Baku
ekstremis,Baku
elektabilitas,Baku
elektronik,Baku
elite,Baku
emas,Baku
emil,Baku
empat,Baku
enam,Baku
energi,Baku
enggak,Baku
enggan,Baku
era,Baku
es,Baku
evakuasi,Baku
facebook,Baku
fakta,Baku
faktor,Baku
fasilitas,Baku
februari,Baku
festival,Baku
filipina,Baku
film,Baku
fisik,Baku
fitnah,Baku
fokus,Baku
forum,Baku
foto,Baku
foto-foto,Baku
fraksi,Baku
fungsi,Baku
gabungan,Baku
gading,Baku
gagal,Baku
gaji,Baku
gambar,Baku
gambut,Baku
ganda,Baku
gangguan,Baku
ganja,Baku
garis,Baku
garut,Baku
gas,Baku
geli,Baku
gede,Baku
gedung,Baku
gelar,Baku
gelombang,Baku
gempa,Baku
genangan,Baku
generasi,Baku
gerakan,Baku
gerindra,Baku
gitu,Baku
gorontalo,Baku
granat,Baku
gratis,Baku
gresik,Baku
group,Baku
grup,Baku
gubernur,Baku
gudang,Baku
gugatan,Baku
guguran,Baku
guna,Baku
gunakan,Baku
gunung,Baku
guru,Baku
habis,Baku
hadapan,Baku
hadiah,Baku
hadir,Baku
haji,Baku
hak,Baku
hakim,Baku
hal,Baku
halaman,Baku
ham,Baku
hampir,Baku
hanya,Baku
harap,Baku
harapan,Baku
harga,Baku
hari,Baku
harian,Baku
harimau,Baku
harinya,Baku
harus,Baku
harusnya,Baku
hasil,Baku
hasilnya,Baku
hati,Baku
hektar,Baku
hendak,Baku
heran,Baku
hewan,Baku
hidup,Baku
hilang,Baku
hindu,Baku
hingga,Baku
hitam,Baku
hoaks,Baku
honor,Baku
hotel,Baku
hubungan,Baku
hujan,Baku
hukum,Baku
hukuman,Baku
hukumnya,Baku
humas,Baku
huruf,Baku
hutan,Baku
ia,Baku
ibu,Baku
ibu-ibu,Baku
ibunya,Baku
identitas,Baku
ikan,Baku
ikut,Baku
ilmu,Baku
imam,Baku
imbuhnya,Baku
imigrasi,Baku
impor,Baku
individu,Baku
indonesia,Baku
induk,Baku
industri,Baku
informasi,Baku
infrastruktur,Baku
ingin,Baku
ini,Baku
inilah,Baku
insiden,Baku
inspektur,Baku
instagram,Baku
institusi,Baku
instruksi,Baku
intelijen,Baku
internal,Baku
internasional,Baku
international,Baku
internet,Baku
investasi,Baku
investigasi,Baku
isis,Baku
islam,Baku
islamic,Baku
istana,Baku
istri,Baku
istrinya,Baku
isu,Baku
itu,Baku
itulah,Baku
iya,Baku
izin,Baku
jabatan,Baku
jadi,Baku
jadwal,Baku
jaga,Baku
jagung,Baku
jajaran,Baku
jaksa,Baku
jalan,Baku
jalur,Baku
jam,Baku
jangan,Baku
janji,Baku
januari,Baku
jarak,Baku
jari,Baku
jaringan,Baku
jarum,Baku
jasa,Baku
jasad,Baku
jateng,Baku
jatuh,Baku
jauh,Baku
jawa,Baku
jawab,Baku
jaya,Baku
jelang,Baku
jelas,Baku
jelasnya,Baku
jembatan,Baku
jenazah,Baku
jenderal,Baku
jenis,Baku
jet,Baku
jika,Baku
jiwa,Baku
jual,Baku
jualan,Baku
juga,Baku
jujur,Baku
jumat,Baku
jumlah,Baku
jumlahnya,Baku
jumpa,Baku
juru,Baku
justru,Baku
juta,Baku
kabar,Baku
kabupaten,Baku
kabur,Baku
kaca,Baku
kader,Baku
kafir,Baku
kaget,Baku
kaki,Baku
kalah,Baku
kalangan,Baku
kalau,Baku
kali,Baku
kamar,Baku
kamera,Baku
kami,Baku
kamis,Baku
kamisan,Baku
kampanye,Baku
kampung,Baku
kampus,Baku
kanan,Baku
kandang,Baku
kandidat,Baku
kantong,Baku
kantor,Baku
kapal,Baku
kapasitas,Baku
kapolda,Baku
karding,Baku
karena,Baku
karenanya,Baku
karet,Baku
kartu,Baku
karya,Baku
karyawan,Baku
kasar,Baku
kasat,Baku
kasih,Baku
kasus,Baku
kata,Baku
katanya,Baku
kategori,Baku
kaum,Baku
kawasan,Baku
kayu,Baku
ke,Baku
keadaan,Baku
keadilan,Baku
keamanan,Baku
kebakaran,Baku
kebebasan,Baku
kebencian,Baku
keberadaan,Baku
keberatan,Baku
kebijakan,Baku
kebocoran,Baku
kebudayaan,Baku
kebun,Baku
kebutuhan,Baku
kecamatan,Baku
kecelakaan,Baku
kecewa,Baku
kecil,Baku
kecuali,Baku
kecurangan,Baku
kedatangan,Baku
kediamannya,Baku
kedua,Baku
keduanya,Baku
kegagalan,Baku
kegiatan,Baku
kehadiran,Baku
kehidupan,Baku
kehilangan,Baku
kejadian,Baku
kejahatan,Baku
kejaksaan,Baku
kekayaan,Baku
kekerasan,Baku
kekuatan,Baku
kekurangan,Baku
kelapa,Baku
kelas,Baku
keliling,Baku
kelompok,Baku
keluar,Baku
keluarga,Baku
keluarganya,Baku
keluhan,Baku
kelurahan,Baku
kemacetan,Baku
kemampuan,Baku
kemarau,Baku
kemarin,Baku
kematian,Baku
kembali,Baku
kemenag,Baku
kemenangan,Baku
kemendagri,Baku
kementerian,Baku
kemudian,Baku
kemungkinan,Baku
kena,Baku
kenaikan,Baku
kenapa,Baku
kencang,Baku
kendala,Baku
kendaraan,Baku
kendari,Baku
kepada,Baku
kepala,Baku
kepemilikan,Baku
kepemimpinan,Baku
kependudukan,Baku
kepentingan,Baku
kepercayaan,Baku
kepolisian,Baku
kepulauan,Baku
keputusan,Baku
kerajaan,Baku
kerap,Baku
keras,Baku
kereta,Baku
keris,Baku
kerja,Baku
kertas,Baku
kerugian,Baku
kerusakan,Baku
kesalahan,Baku
kesehatan,Baku
kesejahteraan,Baku
keselamatan,Baku
kesempatan,Baku
kesepakatan,Baku
kesulitan,Baku
ketegangan,Baku
ketentuan,Baku
keterampilan,Baku
keterangan,Baku
ketiga,Baku
ketika,Baku
ketinggian,Baku
ketua,Baku
keuangan,Baku
keuntungan,Baku
kewarganegaraan,Baku
kewenangan,Baku
khas,Baku
khawatir,Baku
khusus,Baku
khususnya,Baku
kiai,Baku
kilogram,Baku
kilometer,Baku
kim,Baku
kinerja,Baku
kini,Baku
kiri,Baku
kirim,Baku
kisah,Baku
kita,Baku
klaim,Baku
klarifikasi,Baku
kliennya,Baku
koalisi,Baku
kok,Baku
komandan,Baku
komando,Baku
komersial,Baku
komisi,Baku
komisioner,Baku
komitmen,Baku
kompas,Baku
kompetensi,Baku
komplek,Baku
kompleks,Baku
kompol,Baku
komunikasi,Baku
komunitas,Baku
kondisi,Baku
kondisinya,Baku
konferensi,Baku
konflik,Baku
konser,Baku
konservasi,Baku
konstitusi,Baku
kontak,Baku
konten,Baku
kontrak,Baku
koordinasi,Baku
koordinator,Baku
kopi,Baku
korban,Baku
korporasi,Baku
korupsi,Baku
korut,Baku
kosong,Baku
kota,Baku
kotak,Baku
kriminal,Baku
kritik,Baku
kronologi,Baku
kualitas,Baku
kuasa,Baku
kuat,Baku
kubu,Baku
kuliah,Baku
kulit,Baku
kulon,Baku
kuning,Baku
kunjungan,Baku
kuota,Baku
kupang,Baku
kurang,Baku
kurniawan,Baku
kursi,Baku
kurungan,Baku
lagi,Baku
lagu,Baku
lahan,Baku
lahir,Baku
lain,Baku
lainnya,Baku
laki-laki,Baku
lakukan,Baku
lalu,Baku
lama,Baku
laman,Baku
lampu,Baku
lancar,Baku
langkah,Baku
langsung,Baku
lanjut,Baku
lanjutan,Baku
lanjutnya,Baku
lantai,Baku
lantaran,Baku
lantas,Baku
lapangan,Baku
lapas,Baku
lapor,Baku
laporan,Baku
laporkan,Baku
latihan,Baku
laut,Baku
layanan,Baku
lebak,Baku
lebam,Baku
lebih,Baku
legislatif,Baku
lembaga,Baku
lembar,Baku
lengkap,Baku
lepas,Baku
lewat,Baku
liar,Baku
lihat,Baku
lima,Baku
limbah,Baku
lingkaran,Baku
lingkungan,Baku
lintas,Baku
listrik,Baku
literasi,Baku
logistik,Baku
lokal,Baku
lokasi,Baku
lolos,Baku
london,Baku
longsor,Baku
lsi,Baku
luapan,Baku
luar,Baku
luas,Baku
lubang,Baku
luka,Baku
lulus,Baku
lulusan,Baku
lumpur,Baku
lurah,Baku
maaf,Baku
mabes,Baku
macam,Baku
mahasiswa,Baku
mahkamah,Baku
majelis,Baku
maju,Baku
maka,Baku
makam,Baku
makan,Baku
makanan,Baku
makanya,Baku
makin,Baku
maksimal,Baku
malah,Baku
malam,Baku
malang,Baku
malaysia,Baku
maluku,Baku
mampu,Baku
mana,Baku
manajemen,Baku
mandi,Baku
mandiri,Baku
mangga,Baku
mantan,Baku
manusia,Baku
marah,Baku
maret,Baku
marga,Baku
markas,Baku
mas,Baku
masa,Baku
masalah,Baku
masih,Baku
masing-masing,Baku
masjid,Baku
massa,Baku
masuk,Baku
masuknya,Baku
masyarakat,Baku
mata,Baku
materi,Baku
material,Baku
mati,Baku
mau,Baku
maulani,Baku
maupun,Baku
mayat,Baku
mayoritas,Baku
medan,Baku
media,Baku
medis,Baku
mekanisme,Baku
melainkan,Baku
melaju,Baku
melaksanakan,Baku
melakukan,Baku
melalui,Baku
melanda,Baku
melanggar,Baku
melanjutkan,Baku
melapor,Baku
melaporkan,Baku
melarang,Baku
melarikan,Baku
melawan,Baku
melayani,Baku
melepas,Baku
melewati,Baku
melibatkan,Baku
melihat,Baku
melindungi,Baku
melintas,Baku
melintasi,Baku
meluas,Baku
memakai,Baku
memanfaatkan,Baku
memang,Baku
memanggil,Baku
memastikan,Baku
memasuki,Baku
membacakan,Baku
membahas,Baku
membakar,Baku
membangun,Baku
membantah,Baku
membantu,Baku
membawa,Baku
membayar,Baku
membeli,Baku
membenarkan,Baku
membentuk,Baku
memberantas,Baku
memberi,Baku
memberikan,Baku
membersihkan,Baku
membiayai,Baku
membuang,Baku
membuat,Baku
membuka,Baku
membunuh,Baku
membutuhkan,Baku
memenangkan,Baku
memenuhi,Baku
memeriksa,Baku
memerintahkan,Baku
memicu,Baku
memilih,Baku
memiliki,Baku
memimpin,Baku
meminta,Baku
memperbaiki,Baku
memperlihatkan,Baku
memperoleh,Baku
mempertanyakan,Baku
mempertimbangkan,Baku
mempunyai,Baku
memulai,Baku
memungkinkan,Baku
memutuskan,Baku
menahan,Baku
menambah,Baku
menambahkan,Baku
menampilkan,Baku
menanam,Baku
menang,Baku
menangani,Baku
menanggapi,Baku
menangis,Baku
menangkap,Baku
menanyakan,Baku
menarik,Baku
menawarkan,Baku
mencabut,Baku
mencapai,Baku
mencari,Baku
mencatat,Baku
mencegah,Baku
menceritakan,Baku
menciptakan,Baku
mencoba,Baku
mendaftar,Baku
mendalami,Baku
mendampingi,Baku
mendapat,Baku
mendapati,Baku
mendapatkan,Baku
mendatang,Baku
mendatangi,Baku
mendengar,Baku
mendesak,Baku
mendorong,Baku
menduduki,Baku
menduga,Baku
mendukung,Baku
menegaskan,Baku
menembak,Baku
menempatkan,Baku
menempuh,Baku
menemukan,Baku
menengah,Baku
menentukan,Baku
menerapkan,Baku
menerima,Baku
menerjang,Baku
menetapkan,Baku
menewaskan,Baku
mengajak,Baku
mengajukan,Baku
mengakibatkan,Baku
mengaku,Baku
mengakui,Baku
mengalami,Baku
mengalir,Baku
mengamankan,Baku
mengambil,Baku
mengancam,Baku
mengandung,Baku
menganggap,Baku
mengangkat,Baku
mengantisipasi,Baku
mengapa,Baku
mengatakan,Baku
mengatur,Baku
mengawasi,Baku
mengecek,Baku
mengeluarkan,Baku
mengembalikan,Baku
mengembangkan,Baku
mengenai,Baku
mengenakan,Baku
mengerjakan,Baku
mengetahui,Baku
mengganggu,Baku
menggantikan,Baku
menggelar,Baku
menggunakan,Baku
mengguyur,Baku
menghadapi,Baku
menghadiri,Baku
menghadirkan,Baku
menghapus,Baku
menghasilkan,Baku
menghentikan,Baku
menghina,Baku
menghubungi,Baku
mengikuti,Baku
mengimbau,Baku
mengingat,Baku
mengingatkan,Baku
mengirim,Baku
mengirimkan,Baku
mengisi,Baku
mengklaim,Baku
mengkonsumsi,Baku
mengonsumsi,Baku
menguasai,Baku
mengubah,Baku
mengumpulkan,Baku
mengumumkan,Baku
mengunggah,Baku
mengungkap,Baku
mengungkapkan,Baku
mengungsi,Baku
mengunjungi,Baku
mengurangi,Baku
mengusulkan,Baku
menikah,Baku
menikmati,Baku
menilai,Baku
menimbulkan,Baku
menimpa,Baku
menindaklanjuti,Baku
meninggal,Baku
meninggalkan,Baku
meningkat,Baku
meningkatkan,Baku
menit,Baku
menjabat,Baku
menjadi,Baku
menjadikan,Baku
menjaga,Baku
menjalani,Baku
menjalankan,Baku
menjamin,Baku
menjawab,Baku
menjelang,Baku
menjelaskan,Baku
menjerat,Baku
menjual,Baku
menolak,Baku
menteng,Baku
menteri,Baku
menuju,Baku
menunggu,Baku
menunjukkan,Baku
menuntut,Baku
menurunkan,Baku
menurut,Baku
menurutnya,Baku
menutup,Baku
menuturkan,Baku
menyambut,Baku
menyampaikan,Baku
menyanyikan,Baku
menyarankan,Baku
menyatakan,Baku
menyebabkan,Baku
menyebarkan,Baku
menyebut,Baku
menyebutkan,Baku
menyediakan,Baku
menyelamatkan,Baku
menyelenggarakan,Baku
menyelesaikan,Baku
menyerahkan,Baku
menyerang,Baku
menyiapkan,Baku
menyinggung,Baku
menyita,Baku
menyusul,Baku
merah,Baku
meranti,Baku
merapi,Baku
merasa,Baku
merasakan,Baku
mereka,Baku
merendam,Baku
merugikan,Baku
merupakan,Baku
merusak,Baku
mesin,Baku
meski,Baku
meskipun,Baku
meteorologi,Baku
meter,Baku
mewujudkan,Baku
meyakini,Baku
mikro,Baku
milenial,Baku
miliar,Baku
milik,Baku
miliknya,Baku
militer,Baku
minggu,Baku
minimal,Baku
minta,Baku
minum,Baku
minuman,Baku
minyak,Baku
misalnya,Baku
misi,Baku
mobil,Baku
modal,Baku
model,Baku
modern,Baku
mohon,Baku
momen,Baku
mortir,Baku
motif,Baku
motor,Baku
muara,Baku
muda,Baku
mudah,Baku
mudah-mudahan,Baku
muka,Baku
mulai,Baku
munas,Baku
muncul,Baku
mundur,Baku
mungkin,Baku
murah,Baku
murid,Baku
musik,Baku
musim,Baku
muslim,Baku
naga,Baku
nah,Baku
naik,Baku
nalar,Baku
nama,Baku
namanya,Baku
namun,Baku
nanti,Baku
nantinya,Baku
napi,Baku
narkoba,Baku
narkotika,Baku
nasib,Baku
nasional,Baku
natsir,Baku
negara,Baku
negatif,Baku
negeri,Baku
nelayan,Baku
netral,Baku
niat,Baku
nik,Baku
nilai,Baku
nomor,Baku
non-muslim,Baku
normal,Baku
nuklir,Baku
nusa,Baku
nusantara,Baku
nyasar,Baku
nyata,Baku
nyepi,Baku
obat,Baku
obesitas,Baku
ogoh-ogoh,Baku
olahraga,Baku
oleh,Baku
online,Baku
operasi,Baku
operasional,Baku
oposisi,Baku
orang,Baku
orang-orang,Baku
orangtua,Baku
orasi,Baku
orasinya,Baku
organisasi,Baku
otoritas,Baku
pada,Baku
padahal,Baku
pagar,Baku
pagi,Baku
pajak,Baku
pak,Baku
pakai,Baku
pakaian,Baku
paket,Baku
palembang,Baku
paling,Baku
palsu,Baku
panas,Baku
pancasila,Baku
pandeglang,Baku
panen,Baku
pangan,Baku
panjang,Baku
pantai,Baku
pantauan,Baku
papar,Baku
para,Baku
parah,Baku
parkir,Baku
parlemen,Baku
partai,Baku
partisipasi,Baku
pas,Baku
pasal,Baku
pasangan,Baku
pasar,Baku
pasien,Baku
pasti,Baku
pasukan,Baku
pawai,Baku
pedagang,Baku
peduli,Baku
pegawai,Baku
pejabat,Baku
pekan,Baku
pekanbaru,Baku
pekerja,Baku
pekerjaan,Baku
pelabuhan,Baku
pelajar,Baku
pelajaran,Baku
pelaksana,Baku
pelaksanaan,Baku
pelaku,Baku
pelanggaran,Baku
pelantikan,Baku
pelapor,Baku
pelatihan,Baku
pelayanan,Baku
pelepasan,Baku
peliharaan,Baku
pelipatan,Baku
peluru,Baku
pemadaman,Baku
pembacaan,Baku
pembahasan,Baku
pembangunan,Baku
pembayaran,Baku
pembelian,Baku
pemberantasan,Baku
pemberian,Baku
pemberitaan,Baku
pembuangan,Baku
pembuatan,Baku
pembunuhan,Baku
pemegang,Baku
pemenangan,Baku
pemeriksaan,Baku
pemerintah,Baku
pemerintahan,Baku
pemilih,Baku
pemilihan,Baku
pemilik,Baku
pemilu,Baku
pemimpin,Baku
pemohon,Baku
pemuda,Baku
pemungutan,Baku
penahanan,Baku
penambang,Baku
penanganan,Baku
penanggulangan,Baku
penangkapan,Baku
pencarian,Baku
pencatatan,Baku
pencegahan,Baku
pencemaran,Baku
pencetakan,Baku
pendaftar,Baku
pendaftaran,Baku
pendaki,Baku
pendapatan,Baku
pendekatan,Baku
penderita,Baku
pendidikan,Baku
pendinginan,Baku
pendiri,Baku
penduduk,Baku
pendukung,Baku
peneliti,Baku
penelitian,Baku
penempatan,Baku
penemuan,Baku
penerangan,Baku
penerbangan,Baku
penerima,Baku
penerimaan,Baku
penetapan,Baku
pengacara,Baku
pengadaan,Baku
pengadilan,Baku
pengakuan,Baku
pengalaman,Baku
pengamanan,Baku
pengangguran,Baku
penganiayaan,Baku
pengaturan,Baku
pengawas,Baku
pengawasan,Baku
pengecekan,Baku
pengedar,Baku
pengelola,Baku
pengelolaan,Baku
pengembangan,Baku
pengemudi,Baku
pengendara,Baku
pengeroyokan,Baku
penggalian,Baku
pengganti,Baku
penggerebekan,Baku
pengguna,Baku
penggunaan,Baku
penghargaan,Baku
penghinaan,Baku
pengobatan,Baku
penguasa,Baku
pengumpulan,Baku
pengumuman,Baku
pengunduran,Baku
pengungsi,Baku
pengunjung,Baku
pengurus,Baku
pengusaha,Baku
peningkatan,Baku
penitipan,Baku
penjara,Baku
penjelasan,Baku
penjualan,Baku
pensiun,Baku
penting,Baku
penuh,Baku
penumpang,Baku
penuntut,Baku
penyakit,Baku
penyalahgunaan,Baku
penyebab,Baku
penyebaran,Baku
penyelenggara,Baku
penyelenggaraan,Baku
penyelidikan,Baku
penyerahan,Baku
penyidik,Baku
penyidikan,Baku
penyisiran,Baku
perairan,Baku
peran,Baku
perancis,Baku
perang,Baku
perangkat,Baku
peraturan,Baku
perawatan,Baku
perayaan,Baku
perbaikan,Baku
perbatasan,Baku
perbedaan,Baku
perbuatan,Baku
perbuatannya,Baku
percaya,Baku
perdagangan,Baku
perdamaian,Baku
perdana,Baku
peredaran,Baku
perekonomian,Baku
perempuan,Baku
perencanaan,Baku
pergerakan,Baku
pergi,Baku
perguruan,Baku
perhatian,Baku
perhubungan,Baku
perilaku,Baku
perimeter,Baku
peringatan,Baku
perintah,Baku
periode,Baku
peristiwa,Baku
perjalanan,Baku
perjanjian,Baku
perjuangan,Baku
perkara,Baku
perkembangan,Baku
perlindungan,Baku
perlu,Baku
permasalahan,Baku
permintaan,Baku
permohonan,Baku
permukiman,Baku
permusuhan,Baku
pernah,Baku
pernikahan,Baku
pernyataan,Baku
perombakan,Baku
pers,Baku
persen,Baku
persetujuan,Baku
persiapan,Baku
persidangan,Baku
persis,Baku
persoalan,Baku
personel,Baku
pertahanan,Baku
pertama,Baku
pertanian,Baku
pertanyaan,Baku
pertempuran,Baku
pertemuan,Baku
pertimbangan,Baku
pertumbuhan,Baku
pertunjukan,Baku
perubahan,Baku
perumahan,Baku
perusahaan,Baku
perwakilan,Baku
perwira,Baku
pesan,Baku
pesantren,Baku
pesawat,Baku
peserta,Baku
pesisir,Baku
pesta,Baku
petahana,Baku
petani,Baku
petinggi,Baku
petugas,Baku
piala,Baku
pidana,Baku
pidato,Baku
pihak,Baku
pihaknya,Baku
pihak-pihak,Baku
pilih,Baku
pilihan,Baku
pilot,Baku
pimpinan,Baku
pindah,Baku
pinggir,Baku
pinjaman,Baku
pintar,Baku
pintu,Baku
plastik,Baku
pohon,Baku
poin,Baku
pokok,Baku
polemik,Baku
polisi,Baku
politik,Baku
politiknya,Baku
politisi,Baku
polri,Baku
pondok,Baku
ponsel,Baku
populer,Baku
pos,Baku
posisi,Baku
positif,Baku
posko,Baku
poso,Baku
potensi,Baku
potongan,Baku
pra,Baku
presiden,Baku
prestasi,Baku
pria,Baku
pribadi,Baku
prinsip,Baku
produk,Baku
produksi,Baku
profesi,Baku
profesional,Baku
progo,Baku
program,Baku
prosedur,Baku
proses,Baku
protes,Baku
provinsi,Baku
proyek,Baku
publik,Baku
pukul,Baku
pula,Baku
pulang,Baku
pulau,Baku
puluhan,Baku
pun,Baku
puncak,Baku
punya,Baku
pura,Baku
pusat,Baku
puskesmas,Baku
putih,Baku
puting,Baku
putra,Baku
putri,Baku
putrinya,Baku
putus,Baku
putusan,Baku
rabu,Baku
raja,Baku
rakyat,Baku
ramah,Baku
ramai,Baku
rampung,Baku
rangka,Baku
rangkaian,Baku
rapat,Baku
rasa,Baku
rata-rata,Baku
ratna,Baku
ratu,Baku
ratusan,Baku
rawa,Baku
rawan,Baku
rawat,Baku
raya,Baku
razia,Baku
reformasi,Baku
rehabilitasi,Baku
rekaman,Baku
rekannya,Baku
rekomendasi,Baku
relawan,Baku
remaja,Baku
rencana,Baku
rencananya,Baku
rendah,Baku
republik,Baku
resmi,Baku
responden,Baku
restrukturisasi,Baku
ribu,Baku
ribuan,Baku
ridwan,Baku
rilis,Baku
rina,Baku
ringan,Baku
ritel,Baku
robet,Baku
roda,Baku
rombongan,Baku
ruang,Baku
ruangan,Baku
ruas,Baku
ruko,Baku
rumah,Baku
rumahnya,Baku
rusak,Baku
rutan,Baku
rute,Baku
saat,Baku
sabtu,Baku
sabu,Baku
sadar,Baku
sah,Baku
saham,Baku
saja,Baku
sakit,Baku
saksi,Baku
salah,Baku
saling,Baku
saluran,Baku
sama,Baku
sama-sama,Baku
sambil,Baku
sambung,Baku
sambungan,Baku
sambungnya,Baku
sambutan,Baku
sampah,Baku
sampai,Baku
sampaikan,Baku
samping,Baku
sana,Baku
sandi,Baku
sang,Baku
sangat,Baku
sanksi,Baku
santri,Baku
sar,Baku
sara,Baku
sarana,Baku
sarung,Baku
satelit,Baku
satu,Baku
satuan,Baku
satunya,Baku
satwa,Baku
saudara,Baku
saya,Baku
sby,Baku
sebab,Baku
sebagai,Baku
sebagaimana,Baku
sebagian,Baku
sebanyak,Baku
sebelah,Baku
sebelum,Baku
sebelumnya,Baku
sebenarnya,Baku
sebesar,Baku
sebuah,Baku
sebut,Baku
secara,Baku
sedang,Baku
sedangkan,Baku
sedikit,Baku
seekor,Baku
segala,Baku
segera,Baku
sehari,Baku
seharusnya,Baku
sehat,Baku
sehingga,Baku
sejahtera,Baku
sejak,Baku
sejarah,Baku
sejauh,Baku
sejumlah,Baku
sekali,Baku
sekaligus,Baku
sekarang,Baku
sekitar,Baku
sekitarnya,Baku
sekolah,Baku
sekretaris,Baku
seksi,Baku
seksual,Baku
sektor,Baku
selain,Baku
selaku,Baku
selalu,Baku
selama,Baku
selamat,Baku
selanjutnya,Baku
selasa,Baku
selatan,Baku
seleksi,Baku
selengkapnya,Baku
selesai,Baku
selidiki,Baku
seluas,Baku
seluruh,Baku
semacam,Baku
semakin,Baku
semangat,Baku
semarang,Baku
sembako,Baku
sembarangan,Baku
sembilan,Baku
sementara,Baku
semoga,Baku
sempat,Baku
semua,Baku
semuanya,Baku
senang,Baku
senator,Baku
sendiri,Baku
sengaja,Baku
senilai,Baku
seniman,Baku
senin,Baku
senior,Baku
senjata,Baku
sentimeter,Baku
seorang,Baku
sepakat,Baku
sepanjang,Baku
sepeda,Baku
sepekan,Baku
sepenuhnya,Baku
seperti,Baku
sepuluh,Baku
serahkan,Baku
serang,Baku
serangan,Baku
serentak,Baku
seribu,Baku
serikat,Baku
sering,Baku
serius,Baku
serta,Baku
sertifikasi,Baku
sertifikat,Baku
serupa,Baku
seseorang,Baku
sesuai,Baku
setahun,Baku
setelah,Baku
setempat,Baku
setengah,Baku
setiap,Baku
setidaknya,Baku
setuju,Baku
seusai,Baku
siang,Baku
siap,Baku
siapa,Baku
siapkan,Baku
siaran,Baku
sidang,Baku
signifikan,Baku
sikap,Baku
silakan,Baku
singkat,Baku
sini,Baku
sipil,Baku
sisa,Baku
sisanya,Baku
sisi,Baku
sistem,Baku
siswa,Baku
siswi,Baku
situ,Baku
situasi,Baku
situs,Baku
skor,Baku
sma,Baku
soal,Baku
solo,Baku
solusi,Baku
sopir,Baku
sore,Baku
sosial,Baku
sosialisasi,Baku
sosok,Baku
staf,Baku
standar,Baku
stasiun,Baku
status,Baku
strategi,Baku
strategis,Baku
studi,Baku
suami,Baku
suaminya,Baku
suap,Baku
suara,Baku
suasana,Baku
suatu,Baku
subsider,Baku
subsidi,Baku
suci,Baku
sudah,Baku
suka,Baku
sukabumi,Baku
sukses,Baku
suku,Baku
sulit,Baku
sulut,Baku
sumbangan,Baku
sumber,Baku
sumedang,Baku
sungai,Baku
suntik,Baku
supaya,Baku
surabaya,Baku
surat,Baku
surut,Baku
survei,Baku
surya,Baku
susah,Baku
swasta,Baku
syarat,Baku
tadi,Baku
tahanan,Baku
tahap,Baku
tahapan,Baku
tahu,Baku
tahun,Baku
taiwan,Baku
tajam,Baku
tak,Baku
takut,Baku
taman,Baku
tambah,Baku
tambahan,Baku
tambahnya,Baku
tambang,Baku
tampak,Baku
tanah,Baku
tanaman,Baku
tanda,Baku
tangan,Baku
tangga,Baku
tanggal,Baku
tanggung,Baku
tangkap,Baku
tanjung,Baku
tanpa,Baku
tantangan,Baku
tanya,Baku
tapi,Baku
target,Baku
tarif,Baku
tegas,Baku
teknis,Baku
teknologi,Baku
telah,Baku
telepon,Baku
tema,Baku
teman,Baku
temannya,Baku
teman-teman,Baku
tembak,Baku
tembakan,Baku
tempat,Baku
tempatnya,Baku
tempur,Baku
temuan,Baku
temukan,Baku
tenaga,Baku
tenang,Baku
tenda,Baku
tengah,Baku
tenggara,Baku
tentang,Baku
tentara,Baku
tentu,Baku
tentunya,Baku
tepat,Baku
tepatnya,Baku
terakhir,Baku
terancam,Baku
terang,Baku
terangnya,Baku
terbaik,Baku
terbakar,Baku
terbaru,Baku
terbatas,Baku
terbesar,Baku
terbuka,Baku
terbukti,Baku
tercantum,Baku
tercatat,Baku
terdaftar,Baku
terdakwa,Baku
terdampak,Baku
terdapat,Baku
terdengar,Baku
terdiri,Baku
terduga,Baku
terendam,Baku
tergabung,Baku
tergantung,Baku
tergenang,Baku
terhadap,Baku
terima,Baku
terjadi,Baku
terjadinya,Baku
terjebak,Baku
terkait,Baku
terkena,Baku
terlalu,Baku
terlebih,Baku
terlibat,Baku
terlihat,Baku
terluka,Baku
termasuk,Baku
ternyata,Baku
teror,Baku
terpaksa,Baku
terpilih,Baku
terpisah,Baku
tersangka,Baku
tersebar,Baku
tersebut,Baku
tersetrum,Baku
tertangkap,Baku
tertentu,Baku
tertimbun,Baku
tertulis,Baku
tertutup,Baku
terungkap,Baku
terus,Baku
terutama,Baku
tes,Baku
tetangga,Baku
tetap,Baku
tetapi,Baku
tewas,Baku
tiang,Baku
tiap,Baku
tiba,Baku
tiba-tiba,Baku
tidak,Baku
tidur,Baku
tiga,Baku
tiket,Baku
tim,Baku
timnas,Baku
timur,Baku
tindak,Baku
tindakan,Baku
tinggal,Baku
tinggi,Baku
tingkat,Baku
tipikor,Baku
titik,Baku
toko,Baku
tokoh,Baku
tol,Baku
ton,Baku
total,Baku
tradisi,Baku
tradisional,Baku
trans,Baku
transaksi,Baku
transportasi,Baku
triliun,Baku
truk,Baku
tua,Baku
tubuh,Baku
tuduhan,Baku
tugas,Baku
tuhan,Baku
tujuan,Baku
tujuh,Baku
tukang,Baku
tulis,Baku
tumbuh,Baku
tunai,Baku
tunggu,Baku
tuntutan,Baku
turun,Baku
turut,Baku
tutup,Baku
tutur,Baku
tuturnya,Baku
uang,Baku
ucap,Baku
ucapnya,Baku
udara,Baku
ujar,Baku
ujaran,Baku
ujarnya,Baku
uji,Baku
ujian,Baku
ulama,Baku
ulang,Baku
ular,Baku
ulat,Baku
umat,Baku
umum,Baku
umur,Baku
undangan,Baku
undang-undang,Baku
unggul,Baku
ungkap,Baku
ungkapnya,Baku
unit,Baku
universitas,Baku
unsur,Baku
untuk,Baku
upacara,Baku
upaya,Baku
urine,Baku
urut,Baku
usaha,Baku
usai,Baku
usia,Baku
usulan,Baku
utama,Baku
utara,Baku
utuh,Baku
verifikasi,Baku
via,Baku
video,Baku
vonis,Baku
wahyu,Baku
wajah,Baku
wajib,Baku
wakil,Baku
waktu,Baku
walaupun,Baku
wali,Baku
wanita,Baku
warga,Baku
warna,Baku
wartawan,Baku
waspada,Baku
wawan,Baku
wilayah,Baku
wisata,Baku
wisatawan,Baku
ya,Baku
yaitu,Baku
yakin,Baku
yakni,Baku
yang,Baku
zona,Baku
zonasi,Baku
